--
-- PostgreSQL database dump
--

-- Dumped from database version 14.6
-- Dumped by pg_dump version 14.6

-- Started on 2023-02-02 21:55:05

SET statement_timeout = 0;
SET lock_timeout = 0;
SET idle_in_transaction_session_timeout = 0;
SET client_encoding = 'UTF8';
SET standard_conforming_strings = on;
SELECT pg_catalog.set_config('search_path', '', false);
SET check_function_bodies = false;
SET xmloption = content;
SET client_min_messages = warning;
SET row_security = off;

SET default_tablespace = '';

SET default_table_access_method = heap;

--
-- TOC entry 210 (class 1259 OID 34785)
-- Name: Building; Type: TABLE; Schema: public; Owner: postgres
--

CREATE TABLE public."Building" (
    name text NOT NULL,
    latitude double precision NOT NULL,
    longitude double precision NOT NULL
);


ALTER TABLE public."Building" OWNER TO postgres;

--
-- TOC entry 213 (class 1259 OID 34800)
-- Name: Class; Type: TABLE; Schema: public; Owner: postgres
--

CREATE TABLE public."Class" (
    id integer NOT NULL,
    "idClass" integer NOT NULL,
    "timeAndDay" text NOT NULL,
    teacher text NOT NULL,
    "subjectCodeId" text NOT NULL
);


ALTER TABLE public."Class" OWNER TO postgres;

--
-- TOC entry 212 (class 1259 OID 34799)
-- Name: Class_id_seq; Type: SEQUENCE; Schema: public; Owner: postgres
--

CREATE SEQUENCE public."Class_id_seq"
    AS integer
    START WITH 1
    INCREMENT BY 1
    NO MINVALUE
    NO MAXVALUE
    CACHE 1;


ALTER TABLE public."Class_id_seq" OWNER TO postgres;

--
-- TOC entry 3354 (class 0 OID 0)
-- Dependencies: 212
-- Name: Class_id_seq; Type: SEQUENCE OWNED BY; Schema: public; Owner: postgres
--

ALTER SEQUENCE public."Class_id_seq" OWNED BY public."Class".id;


--
-- TOC entry 211 (class 1259 OID 34792)
-- Name: Room; Type: TABLE; Schema: public; Owner: postgres
--

CREATE TABLE public."Room" (
    identification text NOT NULL,
    level integer NOT NULL,
    latitude double precision NOT NULL,
    longitude double precision NOT NULL,
    "buildingName" text
);


ALTER TABLE public."Room" OWNER TO postgres;

--
-- TOC entry 214 (class 1259 OID 34808)
-- Name: Subject; Type: TABLE; Schema: public; Owner: postgres
--

CREATE TABLE public."Subject" (
    "codeId" text NOT NULL,
    name text NOT NULL
);


ALTER TABLE public."Subject" OWNER TO postgres;

--
-- TOC entry 215 (class 1259 OID 34815)
-- Name: _ClassToRoom; Type: TABLE; Schema: public; Owner: postgres
--

CREATE TABLE public."_ClassToRoom" (
    "A" integer NOT NULL,
    "B" text NOT NULL
);


ALTER TABLE public."_ClassToRoom" OWNER TO postgres;

--
-- TOC entry 209 (class 1259 OID 34776)
-- Name: _prisma_migrations; Type: TABLE; Schema: public; Owner: postgres
--

CREATE TABLE public._prisma_migrations (
    id character varying(36) NOT NULL,
    checksum character varying(64) NOT NULL,
    finished_at timestamp with time zone,
    migration_name character varying(255) NOT NULL,
    logs text,
    rolled_back_at timestamp with time zone,
    started_at timestamp with time zone DEFAULT now() NOT NULL,
    applied_steps_count integer DEFAULT 0 NOT NULL
);


ALTER TABLE public._prisma_migrations OWNER TO postgres;

--
-- TOC entry 3186 (class 2604 OID 34803)
-- Name: Class id; Type: DEFAULT; Schema: public; Owner: postgres
--

ALTER TABLE ONLY public."Class" ALTER COLUMN id SET DEFAULT nextval('public."Class_id_seq"'::regclass);


--
-- TOC entry 3343 (class 0 OID 34785)
-- Dependencies: 210
-- Data for Name: Building; Type: TABLE DATA; Schema: public; Owner: postgres
--

COPY public."Building" (name, latitude, longitude) FROM stdin;
UAC	-15.98908548269128	-48.04476934064168
LTDEA	-15.99050828783495	-48.04424886724141
RU	-15.98956996870734	-48.0442005874793
Containers	-15.99057040065923	-48.04454659244202
Labs	-15.98966889298044	-48.04545215471333
\.


--
-- TOC entry 3346 (class 0 OID 34800)
-- Dependencies: 213
-- Data for Name: Class; Type: TABLE DATA; Schema: public; Owner: postgres
--

COPY public."Class" (id, "idClass", "timeAndDay", teacher, "subjectCodeId") FROM stdin;
1	1	46T23	EDSON ALVES DA COSTA JUNIOR	FGA0003
2	1	35M34	VINICIUS DE CARVALHO RISPOLI	FGA0006
3	1	24M34	RONNE TOLEDO	FGA0008
4	1	24M12	SUELIA DE SIQUEIRA RODRIGUES FLEURY ROSA	FGA0013
5	1	46M34	MARCUS VINICIUS CHAFFIM COSTA	FGA0015
6	1	24M34	SUELIA DE SIQUEIRA RODRIGUES FLEURY ROSA	FGA0016
7	1	35T23	WELLINGTON AVELINO DO AMARAL	FGA0017
8	1	35M12	RITA DE CASSIA SILVA	FGA0023
9	1	46T23	ALEX REIS	FGA0025
10	1	46T23	JORGE ANDRES CORMANE ANGARITA	FGA0025
11	1	26T45	JOHN LENON CARDOSO GARDENGHI	FGA0030
12	1	2T2345	RICARDO RAMOS FRAGELLI	FGA0034
13	1	46T23	Fernando Merege	FGA0037
14	1	35T45 6T4	OLEXIY SHYNKARENKO	FGA0038
15	1	2M5 35M12	ARTEM ANDRIANOV	FGA0039
16	1	24M34	RAFAEL RODRIGUES DA SILVA	FGA0040
17	1	24M34	ANDRE MURILO DE ALMEIDA PINTO	FGA0040
18	1	35T23	OLEXIY SHYNKARENKO	FGA0043
19	1	46M34	POLLIANA CANDIDA OLIVEIRA MARTINS	FGA0045
20	1	35M34	ANDREIA ALVES COSTA LINDINGER	FGA0047
21	1	46M34	WILLIAM REIS SILVA	FGA0048
22	1	246T23	PAOLO GESSINI	FGA0049
23	1	246T23	GIANCARLO SANTILLI	FGA0049
24	1	35M34	SERGIO HENRIQUE DA SILVA CARNEIRO	FGA0050
25	1	235M12	JUNGPYO LEE	FGA0052
26	1	235M12	PAOLO GESSINI	FGA0052
27	1	46T45	EDSON ALVES DA COSTA JUNIOR	FGA0053
28	1	35T23	RHANDER VIANA	FGA0055
29	1	35M34	EDISON GUSTAVO CUEVA GALARRAGA	FGA0056
30	1	24T45	MARCUS VINICIUS BATISTUTA	FGA0057
31	1	35M12	VANDOR ROBERTO VILARDI RISSOLI	FGA0060
32	2	46M12	GIOVANNI ALMEIDA SANTOS	FGA0060
33	4	7M1234	GIOVANNI ALMEIDA SANTOS	FGA0060
34	2	24M34	GIANCARLO SANTILLI	FGA0062
35	1	24M34	PAOLO GESSINI	FGA0065
36	1	35M12	TATIANE DA SILVA EVANGELISTA	FGA0066
37	1	35M12	EULER DE VILHENA GARCIA	FGA0067
38	2	24M12	LUIS FILOMENO DE JESUS FERNANDES	FGA0067
39	2	24M12	MARCELINO MONTEIRO DE ANDRADE	FGA0067
40	1	24M34	GILMAR SILVA BESERRA	FGA0068
41	1	3T23	DIOGO DE OLIVEIRA COSTA	FGA0069
42	2	5M34	ANDERSON JOSE COSTA SENA	FGA0069
43	4	6M12	DIOGO DE OLIVEIRA COSTA	FGA0069
44	6	4M34	ANDERSON JOSE COSTA SENA	FGA0069
45	7	5M12	ANDERSON JOSE COSTA SENA	FGA0069
46	3	6M34	ROBERTO DE SOUZA BAPTISTA	FGA0070
47	1	4M5 4T1	CLAUDIA PATRICIA OCHOA DIAZ	FGA0071
48	2	4T23	ANDERSON JOSE COSTA SENA	FGA0071
49	3	4T45	ANDERSON JOSE COSTA SENA	FGA0071
50	4	5T23	ANDERSON JOSE COSTA SENA	FGA0071
51	5	6T23	DIOGO DE OLIVEIRA COSTA	FGA0071
52	6	6M12	GUILLERMO ALVAREZ BESTARD	FGA0071
53	7	3M12	HENRIQUE MARRA TAIRA MENEGAZ	FGA0071
54	8	2M12	HENRIQUE MARRA TAIRA MENEGAZ	FGA0071
55	9	3M34	HENRIQUE MARRA TAIRA MENEGAZ	FGA0071
56	10	2M34	HENRIQUE MARRA TAIRA MENEGAZ	FGA0071
57	11	5M34	DIOGO DE OLIVEIRA COSTA	FGA0071
58	12	6M34	DIOGO DE OLIVEIRA COSTA	FGA0071
59	13	6M5 6T1	CLAUDIA PATRICIA OCHOA DIAZ	FGA0071
60	16	3T23	ANDERSON JOSE COSTA SENA	FGA0071
61	1	4M34	DIOGO DE OLIVEIRA COSTA	FGA0072
62	2	4M12	ANDERSON JOSE COSTA SENA	FGA0072
63	1	46M12	RENATO VILELA LOPES	FGA0073
64	2	46T23	RENATO VILELA LOPES	FGA0073
65	1	35M34	DANIEL MAURICIO MUNOZ ARBOLEDA	FGA0074
66	1	2T4	EMMANUEL PACHECO ROCHA LIMA	FGA0075
67	2	4T4	EMMANUEL PACHECO ROCHA LIMA	FGA0075
68	9	2T5	EMMANUEL PACHECO ROCHA LIMA	FGA0075
69	11	5M1	SANDRA MARIA DA LUZ	FGA0075
70	12	5M2	SANDRA MARIA DA LUZ	FGA0075
71	1	24M12	ALESSANDRO BORGES DE SOUSA OLIVEIRA	FGA0076
72	1	24M12	FABIO ALFAIA DA CUNHA	FGA0076
73	1	35T45	EDISON GUSTAVO CUEVA GALARRAGA	FGA0077
74	1	2T123	EMMANUEL PACHECO ROCHA LIMA	FGA0078
75	2	3T23 5T2	RODRIGO ARBEY MUNOZ MENESES	FGA0078
76	1	35M34	FABRICIO ATAIDES BRAZ	FGA0083
77	1	26T45	SERGIO ANTONIO ANDRADE DE FREITAS	FGA0084
78	1	26M34	GLAUCO VITOR PEDROSA	FGA0085
79	2	46T23	GLAUCO VITOR PEDROSA	FGA0085
80	1	24T45	FLAVIO HENRIQUE JUSTINIANO RIBEIRO DA SILVA	FGA0086
81	2	24M12	JORGE ANDRES CORMANE ANGARITA	FGA0086
82	1	2T45	LOANA NUNES VELASCO	FGA0087
83	2	6M34	RUDI HENRI VAN ELS	FGA0087
84	3	2M34	JORGE ANDRES CORMANE ANGARITA	FGA0087
85	4	4M34	JORGE ANDRES CORMANE ANGARITA	FGA0087
86	5	6M12	RUDI HENRI VAN ELS	FGA0087
87	1	46M12	FLAVIO HENRIQUE JUSTINIANO RIBEIRO DA SILVA	FGA0088
88	1	4T45	RUDI HENRI VAN ELS	FGA0089
89	2	2T23	RUDI HENRI VAN ELS	FGA0089
90	1	35T23	EBERTH DE ALMEIDA CORREA	FGA0090
91	1	24M12 3T2	JHON NERO VAZ GOULART	FGA0091
92	1	24M12 3T2	PAOLO GESSINI	FGA0091
93	2	24M12 3T3	PAOLO GESSINI	FGA0091
94	2	24M12 3T3	JHON NERO VAZ GOULART	FGA0091
95	1	35M12 3T1	DANIEL COSTA ARAUJO	FGA0092
96	1	3T23 5T234	LUIS FILOMENO DE JESUS FERNANDES	FGA0093
97	1	246T45	GUILLERMO ALVAREZ BESTARD	FGA0096
98	1	4M12	DIOGO DE OLIVEIRA COSTA	FGA0098
99	2	2T45	DIOGO DE OLIVEIRA COSTA	FGA0098
100	1	35T45	WELLINGTON AVELINO DO AMARAL	FGA0099
101	1	3M34	GERARDO ANTONIO IDROBO PIZO	FGA0100
102	2	3M5 3T1	GERARDO ANTONIO IDROBO PIZO	FGA0100
103	1	35T45	MARCUS VINICIUS BATISTUTA	FGA0101
104	1	246M34	LUCIANO EMIDIO NEVES DA FONSECA	FGA0102
105	2	356M12	MARCUS VINICIUS CHAFFIM COSTA	FGA0102
106	3	356M12	ROBERTO DE SOUZA BAPTISTA	FGA0102
107	1	246T23	DIOGO CAETANO GARCIA	FGA0103
108	1	24M34	MARCELO BENTO DA SILVA	FGA0104
109	2	46T23	WILLIAM REIS SILVA	FGA0105
110	3	2T2345	RAFAEL CASTILHO FARIA MENDES	FGA0105
111	1	24T23	CRISTIAN VENDITTOZZI	FGA0106
112	1	3M34	EBERTH DE ALMEIDA CORREA	FGA0107
113	2	5M34	EBERTH DE ALMEIDA CORREA	FGA0107
114	1	2M5 2T1 6T23	MATHEUS BERNARDINI DE SOUZA	FGA0108
115	1	35M34	RENATO CORAL SAMPAIO	FGA0109
116	2	35M5 35T1	RENATO CORAL SAMPAIO	FGA0109
117	1	26M34	LEANDRO XAVIER CARDOSO	FGA0117
118	1	26M34	RONNI GERALDO GOMES DE AMORIM	FGA0117
119	1	24M34	JOSIANE DO SOCORRO AGUIAR DE SOUZA DE OLIVEIRA CAMPOS	FGA0118
120	1	24T23	ANDRE LUIZ ALMEIDA PENNA	FGA0119
121	2	46M12	ANDRE LUIZ ALMEIDA PENNA	FGA0119
122	1	6T23	GERARDO ANTONIO IDROBO PIZO	FGA0120
123	2	3T45	GERARDO ANTONIO IDROBO PIZO	FGA0120
124	1	46M34	SEBASTIEN ROLAND MARIE JOSEPH RONDINEAU	FGA0121
125	1	46T23	LOANA NUNES VELASCO	FGA0122
126	1	26M34	MAURICIO SERRANO	FGA0124
127	1	35M12	FERNANDO PAIVA SCARDUA	FGA0130
128	1	6T2345	EVANDRO LEONARDO SILVA TEIXEIRA	FGA0131
129	1	46M34	CLAUDIA PATRICIA OCHOA DIAZ	FGA0132
130	1	56M12	RICARDO MATOS CHAIM	FGA0133
131	2	35M34	PAULA MEYER SOARES	FGA0133
132	3	46T45	GLAUCENY CIRNE DE MEDEIROS	FGA0133
133	3	35T23	WANDER CLEBER MARIA PEREIRA DA SILVA	FGA0134
134	4	35T45	BRUNO CESAR RIBAS	FGA0134
135	1	35T23	VANDOR ROBERTO VILARDI RISSOLI	FGA0137
136	2	26M12	MAURICIO SERRANO	FGA0137
137	1	35T45	HILMER RODRIGUES NERI	FGA0138
138	2	35M34	CARLA SILVA ROCHA AGUIAR	FGA0138
139	3	35T45	GEORGE MARSICANO CORREA	FGA0138
140	1	46M34	MARIA VITORIA DUARTE FERRARI	FGA0141
141	1	26M12	JOHN LENON CARDOSO GARDENGHI	FGA0142
142	2	24M34	TIAGO ALVES DA FONSECA	FGA0142
143	1	35T23	BRUNO CESAR RIBAS	FGA0147
144	2	35M34	NILTON CORREIA DA SILVA	FGA0147
145	3	5M5 2T6 5T1 2N1	FABRICIO ATAIDES BRAZ	FGA0147
146	3	5M5 2T6 5T1 2N1	NILTON CORREIA DA SILVA	FGA0147
147	1	2M34	MARIA ALZIRA DE ARAUJO NUNES	FGA0148
148	2	2M12	MARIA ALZIRA DE ARAUJO NUNES	FGA0148
149	1	24T45	JULIANA PETROCCHI RODRIGUES	FGA0150
150	2	24T45	DIOGO CAETANO GARCIA	FGA0150
151	3	24T45	JUNGPYO LEE	FGA0150
152	5	24T45	RICARDO AJAX DIAS KOSLOSKI	FGA0150
153	6	24T45	BRUNO LUIZ PEREIRA	FGA0150
154	1	35T23	MATEUS RODRIGUES MIRANDA	FGA0152
155	1	35M12	SERGIO HENRIQUE DA SILVA CARNEIRO	FGA0154
156	2	46T23	GLAUCENY CIRNE DE MEDEIROS	FGA0154
157	3	35M34	SUZANA MOREIRA AVILA	FGA0154
158	1	46T23	ENEIDA GONZALEZ VALDES	FGA0155
159	1	3M12 6T23	ROSEANY DE VASCONCELOS VIEIRA LOPES	FGA0156
160	1	46T23	MARILIA MIRANDA FORTE GOMES	FGA0157
161	2	46M34	RODRIGO ANDRES MIRANDA CERDA	FGA0157
162	1	24T45	FABIANA FREITAS MENDES	FGA0158
163	2	24M12	FABIANA FREITAS MENDES	FGA0158
164	3	24T23	ANDRE LUIZ PERON MARTINS LANNA	FGA0158
165	4	46T23	LUIS FILOMENO DE JESUS FERNANDES	FGA0158
166	5	7M1234	REJANE MARIA DA COSTA FIGUEIREDO	FGA0158
167	5	7M1234	ELAINE VENSON	FGA0158
168	1	24M12	LINDOMAR BOMFIM DE CARVALHO DE JESUS	FGA0160
169	2	46T45	RODRIGO ANDRES MIRANDA CERDA	FGA0160
170	3	24T45	LUCIANO EMIDIO NEVES DA FONSECA	FGA0160
171	1	46M12	MARIA VITORIA DUARTE FERRARI	FGA0161
172	2	24T45	JOSIANE DO SOCORRO AGUIAR DE SOUZA DE OLIVEIRA CAMPOS	FGA0161
173	3	35M34	FERNANDO PAIVA SCARDUA	FGA0161
174	1	2M12	RAFAEL RODRIGUES DA SILVA	FGA0163
175	2	2T23	RONNE TOLEDO	FGA0163
176	3	4T23	MARCELINO MONTEIRO DE ANDRADE	FGA0163
177	1	35T23	VANESSA MARIA DE CASTRO	FGA0164
178	2	46T23	SANDRA MARIA FALEIROS LIMA	FGA0164
179	3	35T45	VANESSA MARIA DE CASTRO	FGA0164
180	4	46M5 46T1	SANDRA MARIA FALEIROS LIMA	FGA0164
181	5	46T45	SANDRA MARIA FALEIROS LIMA	FGA0164
182	6	6M1234	MÁRCIO HENRIQUE DE CARVALHO	FGA0164
183	7	24M12	MÁRCIO HENRIQUE DE CARVALHO	FGA0164
184	1	35T23	FABIANO ARAUJO SOARES	FGA0166
185	1	46M34	SALEH BARBOSA KHALIL	FGA0167
186	1	246M12	HIMILSYS HERNANDEZ GONZALEZ	FGA0168
187	1	246M12	SALEH BARBOSA KHALIL	FGA0168
188	2	235M34	CRISTIAN VENDITTOZZI	FGA0168
189	3	356T45	MATEUS RODRIGUES MIRANDA	FGA0168
190	4	235M34	HIMILSYS HERNANDEZ GONZALEZ	FGA0168
191	5	246M12	ENEIDA GONZALEZ VALDES	FGA0168
192	1	46M12	AUGUSTO CESAR DE MENDONCA BRASIL	FGA0169
193	1	26M12	TIAGO ALVES DA FONSECA	FGA0170
194	1	35T23	GEORGE MARSICANO CORREA	FGA0172
195	2	35M34	ANDRE BARROS DE SALES	FGA0172
196	1	24M34	SERGIO ANTONIO ANDRADE DE FREITAS	FGA0173
197	2	35M12	ANDRE BARROS DE SALES	FGA0173
198	1	35T45	FELIPE CHAGAS STORTI	FGA0175
199	1	35T23	MARIA DEL PILAR HIDALGO FALLA	FGA0177
200	1	35M34	RITA DE CASSIA SILVA	FGA0179
201	2	35T45	MAURA ANGELICA MILFONT SHZU	FGA0179
202	1	35T45	MARIO DE OLIVEIRA ANDRADE	FGA0184
203	2	35T23	REJANE MARIA DA COSTA FIGUEIREDO	FGA0184
204	1	2M1234 4M12	JORGE ANDRES CORMANE ANGARITA	FGA0186
205	2	6M12 24T45	RUDI HENRI VAN ELS	FGA0186
206	2	6M12 24T45	FLAVIO HENRIQUE JUSTINIANO RIBEIRO DA SILVA	FGA0186
207	1	35T45	RODRIGO ARBEY MUNOZ MENESES	FGA0188
208	2	3T45 56T4	RODRIGO ARBEY MUNOZ MENESES	FGA0188
209	3	3T45 5T4 6T5	RODRIGO ARBEY MUNOZ MENESES	FGA0188
210	1	246M34	ALESSANDRO BORGES DE SOUSA OLIVEIRA	FGA0190
211	1	35T23	EMMANUEL PACHECO ROCHA LIMA	FGA0191
212	1	35T23	SANDRA MARIA DA LUZ	FGA0191
213	1	46T23	FABIO CORDEIRO DE LISBOA	FGA0194
214	1	35T6 35N1	MARIO DE OLIVEIRA ANDRADE	FGA0195
215	1	35M12	GILMAR SILVA BESERRA	FGA0201
216	1	26M34 4M3	LUCIANO GONCALVES NOLETO	FGA0204
217	1	26M34 4M3	AUGUSTO CESAR DE MENDONCA BRASIL	FGA0204
218	2	26M34 4M4	AUGUSTO CESAR DE MENDONCA BRASIL	FGA0204
219	2	26M34 4M4	LUCIANO GONCALVES NOLETO	FGA0204
220	1	35T23	HILMER RODRIGUES NERI	FGA0206
221	1	26M12	MILENE SERRANO	FGA0208
222	1	26M34	MILENE SERRANO	FGA0210
223	1	24T45	FERNANDO WILLIAM CRUZ	FGA0211
224	1	2T2345	FABIO CORDEIRO DE LISBOA	FGA0214
225	2	25T23	BRUNO LUIZ PEREIRA	FGA0214
226	1	46M12	CRISTIANO JACQUES MIOSSO RODRIGUES MENDES	FGA0219
227	1	35T45	FABIANO ARAUJO SOARES	FGA0221
228	1	35M34	DANIEL COSTA ARAUJO	FGA0224
229	1	35M34	EVANDRO LEONARDO SILVA TEIXEIRA	FGA0226
230	1	24M12	CARLA TATIANA MOTA ANFLOR	FGA0228
231	1	35T23	MAURA ANGELICA MILFONT SHZU	FGA0229
232	1	35M12	SUZANA MOREIRA AVILA	FGA0230
233	1	24M34	HENRIQUE GOMES DE MOURA	FGA0232
234	1	24T45	RAFAEL RODRIGUES DA SILVA	FGA0233
235	1	2T2345	LUCIANO GONCALVES NOLETO	FGA0235
236	1	24T45	ELAINE VENSON	FGA0238
237	2	24T23	ELAINE VENSON	FGA0238
238	1	35T45	CARLA SILVA ROCHA AGUIAR	FGA0240
239	2	35T45	RENATO CORAL SAMPAIO	FGA0240
240	1	24T45	ANDRE LUIZ PERON MARTINS LANNA	FGA0242
241	2	24M5 24T1	ANDRE LUIZ PERON MARTINS LANNA	FGA0242
242	1	24T23	FERNANDO WILLIAM CRUZ	FGA0244
243	1	4T45 6T2345	ALEX REIS	FGA0250
244	2	4T45 6T2345	RHANDER VIANA	FGA0250
245	3	4T45 6T2345	ARTUR ELIAS DE MORAIS BERTOLDI	FGA0250
246	4	4T45 6T2345	JOSE FELICIO DA SILVA	FGA0250
247	5	4T45 6T2345	RICARDO MATOS CHAIM	FGA0250
248	1	46M12 2T5	RUDI HENRI VAN ELS	FGA0252
249	1	46M12 2T5	LUCIANO GONCALVES NOLETO	FGA0252
250	1	24M34	RAFAEL CASTILHO FARIA MENDES	FGA0254
251	1	35M34	EULER DE VILHENA GARCIA	FGA0258
252	1	46T23	CRISTIANO JACQUES MIOSSO RODRIGUES MENDES	FGA0259
253	1	6T2345	DANIEL MAURICIO MUNOZ ARBOLEDA	FGA0261
254	1	4M345 6M34	LOANA NUNES VELASCO	FGA0262
255	1	35M12	PAULA MEYER SOARES	FGA0265
256	1	35M12	MARIA ALZIRA DE ARAUJO NUNES	FGA0266
257	1	24T23	HENRIQUE GOMES DE MOURA	FGA0267
258	1	46M12	SUZANA MOREIRA AVILA	FGA0268
259	1	24T23	ANDRE MURILO DE ALMEIDA PINTO	FGA0270
260	2	4M5 2T23 4T1	ANDRE MURILO DE ALMEIDA PINTO	FGA0270
261	1	35T23	CRISTIANE SOARES RAMOS	FGA0273
262	1	24T23	WANDER CLEBER MARIA PEREIRA DA SILVA	FGA0274
263	1	35M34	REJANE MARIA DA COSTA FIGUEIREDO	FGA0275
264	1	35M34	CRISTIANE SOARES RAMOS	FGA0278
265	2	35T6 35N1	RICARDO AJAX DIAS KOSLOSKI	FGA0278
266	1	46M5 46T1	ARTUR ELIAS DE MORAIS BERTOLDI	FGA0281
267	1	46T23	POLLIANA CANDIDA OLIVEIRA MARTINS	FGA0282
268	1	35M34 (25/10/2022 - 18/02/2023)	ARTEM ANDRIANOV	FGA0283
269	1	24M34 (25/10/2022 - 18/02/2023)	CARLA TATIANA MOTA ANFLOR	FGA0285
270	1	35M12 (25/10/2022 - 18/02/2023)	MANUEL NASCIMENTO DIAS BARCELOS JUNIOR	FGA0286
271	2	35M34 (25/10/2022 - 18/02/2023)	ARTEM ANDRIANOV	FGA0291
272	1	46M5 46T1 (25/10/2022 - 18/02/2023)	SEBASTIEN ROLAND MARIE JOSEPH RONDINEAU	FGA0292
273	24	235M12	VINICIUS DE CARVALHO RISPOLI	MAT0025
274	26	246M34	RICARDO RAMOS FRAGELLI	MAT0025
275	27	235T45	MATHEUS BERNARDINI DE SOUZA	MAT0025
276	15	356T23	LINDOMAR BOMFIM DE CARVALHO DE JESUS	MAT0026
277	16	246M12	LUIZA YOKO TANEGUTI	MAT0026
278	17	235M34	TAIS CALLIERO TOGNETTI	MAT0026
279	10	235M34	TATIANE DA SILVA EVANGELISTA	MAT0027
280	11	235T45	YEVSEY YEHOSHUA SOBOLEVSKY	MAT0027
281	9	35M12	TAIS CALLIERO TOGNETTI	MAT0031
282	10	46T23	YEVSEY YEHOSHUA SOBOLEVSKY	MAT0031
283	11	24M34	LUIZA YOKO TANEGUTI	MAT0031
284	8	46M34 2T23	GIOVANNI ALMEIDA SANTOS	CIC0004
285	9	35M12 2T45	FABRICIO ATAIDES BRAZ	CIC0004
286	10	46M34 2T23	DANIEL SUNDFELD LIMA	CIC0004
287	11	2M34 46T23	DANIEL SUNDFELD LIMA	CIC0004
288	12	35M12 2T45	NILTON CORREIA DA SILVA	CIC0004
\.


--
-- TOC entry 3344 (class 0 OID 34792)
-- Dependencies: 211
-- Data for Name: Room; Type: TABLE DATA; Schema: public; Owner: postgres
--

COPY public."Room" (identification, level, latitude, longitude, "buildingName") FROM stdin;
I1	1	-15.989011	-48.044678	UAC
I2	1	-15.989082	-48.044685	UAC
I3	1	-15.989074	-48.044619	UAC
I4	1	-15.989073	-48.044637	UAC
I5	1	-15.989113	-48.044621	UAC
I6	1	-15.988966	-48.044615	UAC
I7	1	-15.98916	-48.044525	UAC
I8	1	-15.989166	-48.044456	UAC
I9	1	-15.989187	-48.044402	UAC
I10	1	-15.989361	-48.044594	UAC
S1	2	-15.988785	-48.044771	UAC
S2	2	-15.988825	-48.044715	UAC
S3	2	-15.988912	-48.044662	UAC
S4	2	-15.988845	-48.044627	UAC
S5	2	-15.989113	-48.044621	UAC
S6	2	-15.988966	-48.044615	UAC
S7	2	-15.98916	-48.044525	UAC
S8	2	-15.989166	-48.044456	UAC
S9	2	-15.989187	-48.044402	UAC
S10	2	-15.989361	-48.044594	UAC
MOCAP	1	-15.989491	-48.045425	Labs
ANFITEATRO	1	-15.989186	-48.044865	UAC
S-4	2	-15.988845	-48.044627	UAC
I-3	1	-15.989074	-48.044619	UAC
CONTAINER Nº 17	1	0	0	Containers
LDTEA SALA 2	3	-15.990346	-48.044271	LTDEA
LAB SS	1	-15.989618	-48.045745	Labs
MULTIUSO	2	-15.988968	-48.044985	UAC
LAB TERMODINÂMICA	1	0	0	Labs
LAB SHP	1	-15.990709	-48.044407	Containers
CONTEINER 04	1	0	0	Containers
LAB TERMOFLUIDOS	1	-15.989676	-48.04558	Labs
LAB NEI	1	-15.989725	-48.045878	Labs
LAB NEI 2	1	-15.989694	-48.045797	Labs
LAB MAT	1	-15.989739	-48.045477	Labs
LAB ELETR	1	-15.989796	-48.045539	Labs
LAB OND	1	0	0	Labs
ANTE SALA	1	-15.989388	-48.044572	UAC
LDTEA SALA 3	3	-15.990359	-48.044283	LTDEA
\.


--
-- TOC entry 3347 (class 0 OID 34808)
-- Dependencies: 214
-- Data for Name: Subject; Type: TABLE DATA; Schema: public; Owner: postgres
--

COPY public."Subject" ("codeId", name) FROM stdin;
FGA0003	COMPILADORES 1
FGA0006	FUNDAMENTOS DE EQUAÇÕES DIFERENCIAIS PARA ENGENHARIA
FGA0008	SISTEMAS AEROESPACIAIS
FGA0013	ANATOMIA E FISIOLOGIA HUMANA
FGA0015	PROCESSAMENTO DIGITAL DE IMAGENS
FGA0016	TÓPICOS ESPECIAL EM INSTRUMENTAÇÃO BIOMÉDICA
FGA0017	PROJETOS DE CIRCUITOS INTEGRADOS 1
FGA0023	DINÂMICA DOS MECANISMOS
FGA0025	SISTEMAS DE ENERGIA SOLAR E EÓLICA
FGA0030	ESTRUTURAS DE DADOS 2
FGA0034	TÓPICOS ESPECIAIS EM MATEMÁTICA APLICADA
FGA0037	TÓPICOS ESPECIAIS EM ENGENHARIA AEROESPACIAL
FGA0038	AERODINÂMICA DE SISTEMAS AEROESPACIAIS
FGA0039	MECÂNICA DE ESTRUTURAS AEROESPACIAIS
FGA0040	SISTEMAS DE CONTROLE AUTOMOTIVO
FGA0043	DINÂMICA DOS GASES PARA SISTEMAS AEROESPACIAIS
FGA0045	MECÂNICA DO VÔO
FGA0047	PROCESSOS PETROQUÍMICOS
FGA0048	MECÂNICA DO VOO ESPACIAL
FGA0049	PROJETO DE SISTEMAS AEROESPACIAIS
FGA0050	DINÂMICA DE ESTRUTURAS AEROESPACIAIS
FGA0052	PROPULSÃO AEROESPACIAL
FGA0053	TÓPICOS ESPECIAIS EM PROGRAMAÇÃO
FGA0055	TECNOLOGIAS DE FABRICAÇÃO 1
FGA0056	TECNOLOGIAS DE FABRICAÇÃO 2
FGA0057	ELETRÔNICA DE POTÊNCIA
FGA0060	SISTEMAS DE BANCO DE DADOS 2
FGA0062	PROJETO DE SISTEMAS DE OBSERVAÇÃO DA TERRA
FGA0065	PROPULSÃO ELÉTRICA
FGA0066	FUNDAMENTOS DE VARIÁVEL COMPLEXA PARA ENGENHARIA
FGA0067	TEORIA DE CIRCUITOS ELETRÔNICOS 1
FGA0068	TEORIA DE CIRCUITOS ELETRÔNICOS 2
FGA0069	PRÁTICA DE CIRCUITOS ELETRÔNICOS 1
FGA0070	PRÁTICA DE CIRCUITOS ELETRÔNICOS 2
FGA0071	PRÁTICA DE ELETRÔNICA DIGITAL 1
FGA0072	PRÁTICA DE ELETRÔNICA DIGITAL 2
FGA0073	TEORIA DE ELETRÔNICA DIGITAL 1
FGA0074	TEORIA DE ELETRÔNICA DIGITAL 2
FGA0075	LABORATÓRIO DE MATERIAIS DE CONSTRUÇÃO
FGA0076	EQUIPAMENTOS TERMOFLUIDOS AUTOMOTIVOS
FGA0077	INTRODUÇÃO AO DESGASTE
FGA0078	TEORIA DE MATERIAIS DE CONSTRUÇÃO
FGA0083	APRENDIZADO DE MÁQUINA
FGA0084	DESENVOLVIMENTO DE SOFTWARE
FGA0085	MATEMÁTICA DISCRETA 1
FGA0086	TEORIA DE ELETRICIDADE APLICADA
FGA0087	LABORATÓRIO DE ELETRICIDADE APLICADA
FGA0088	TEORIA DE SISTEMAS DE CONVERSÃO DE ENERGIA
FGA0089	LABORATÓRIO DE SISTEMAS DE CONVERSÃO DE ENERGIA
FGA0090	ONDULATÓRIA E FÍSICA TÉRMICA PARA ENGENHARIA
FGA0091	MÁQUINAS DE FLUIDO
FGA0092	PRINCÍPIOS DE COMUNICAÇÃO PARA ENGENHARIA
FGA0093	PRINCÍPIOS DE CONTROLE
FGA0096	ELETRÔNICA EMBARCADA
FGA0098	PRÁTICA DE CIRCUITOS ELETRÔNICOS 3
FGA0099	TEORIA DE CIRCUITOS ELETRÔNICOS 3
FGA0100	PRÁTICA DE FÍSICA DOS DISPOSITIVOS ELETRÔNICOS
FGA0101	TEORIA DE FÍSICA DOS DISPOSITIVOS ELETRÔNICOS
FGA0102	SINAIS E SISTEMAS PARA ENGENHARIA
FGA0103	SISTEMAS OPERACIONAIS EMBARCADOS
FGA0104	QUÍMICA ORGÂNICA APLICADA À ENGENHARIA
FGA0105	TÓPICOS ESPECIAIS 2 EM ENGENHARIA AEROESPACIAL
FGA0106	TÓPICOS ESPECIAIS 3 EM ENGENHARIA AEROESPACIAL
FGA0107	LABORATÓRIO DE ONDULATÓRIA E FÍSICA TÉRMICA PARA A ENGENHARIA
FGA0108	MATEMÁTICA DISCRETA 2
FGA0109	FUNDAMENTOS DE SISTEMAS EMBARCADOS
FGA0117	FUNDAMENTOS DE ENERGIA NUCLEAR
FGA0118	SISTEMAS DE INFORMAÇÃO GEOGRÁFICA PARA ENGENHARIA
FGA0119	TEORIA DE ELETROMAGNETISMO
FGA0120	PRÁTICA DE ELETROMAGNETISMO
FGA0121	TÓPICOS ESPECIAIS 4 EM ENGENHARIA AEROESPACIAL
FGA0122	EFICIÊNCIA ENERGÉTICA EM INSTALAÇÕES ELÉTRICAS INDUSTRIAIS
FGA0124	PROJETO DE ALGORITMOS
FGA0130	REGULAÇÃO AMBIENTAL NO SETOR ENERGÉTICO
FGA0131	ENGENHARIA DE SOFTWARE AUTOMOTIVO
FGA0132	INSTRUMENTAÇÃO ELETRÔNICA PARA ENGENHARIA
FGA0133	ENGENHARIA ECONÔMICA
FGA0134	TÓPICOS ESPECIAIS DE ENGENHARIA DE SOFTWARE
FGA0137	SISTEMAS DE BANCO DE DADOS 1
FGA0138	MÉTODOS DE DESENVOLVIMENTO DE SOFTWARE
FGA0141	GESTÃO AMBIENTAL NO SETOR ENERGÉTICO
FGA0142	FUNDAMENTOS DE ARQUITETURA DE COMPUTADORES
FGA0147	ESTRUTURA DE DADOS E ALGORITMOS
FGA0148	ENGENHARIA DE SEGURANÇA DO TRABALHO
FGA0150	PROJETO INTEGRADOR DE ENGENHARIA 1
FGA0152	ERGONOMIA DO PRODUTO
FGA0154	MECANICA DOS SÓLIDOS 1 PARA ENGENHARIA
FGA0155	INTRODUÇÃO AO DESIGN E CONCEPÇÃO DE VEÍCULOS
FGA0156	COMBUSTÍVEIS E BIOCOMBUSTÍVEIS
FGA0157	PROBABILIDADE E ESTATÍSTICA APLICADO A ENGENHARIA
FGA0158	ORIENTAÇÃO A OBJETOS
FGA0160	MÉTODOS NUMÉRICOS PARA ENGENHARIA
FGA0161	ENGENHARIA E AMBIENTE
FGA0163	INTRODUÇÃO À ENGENHARIA
FGA0164	HUMANIDADES E CIDADANIA
FGA0166	ELEMENTOS E MÉTODOS EM ELETRÔNICA
FGA0167	SISTEMAS AUTOMOTIVOS
FGA0168	DESENHO INDUSTRIAL ASSISTIDO POR COMPUTADOR
FGA0169	FONTES DE ENERGIA E TECNOLOGIAS DE CONVERSÃO
FGA0170	FUNDAMENTOS DE SISTEMAS OPERACIONAIS
FGA0172	REQUISITOS DE SOFTWARE
FGA0173	INTERAÇÃO HUMANO COMPUTADOR
FGA0175	ENGENHARIA DE PETRÓLEO E GÁS
FGA0177	ANÁLISE INSTRUMENTAL DE COMBUSTÍVEIS
FGA0179	MECANICA DOS SÓLIDOS 2 PARA ENGENHARIA
FGA0184	GESTÃO DA PRODUÇÃO E QUALIDADE
FGA0186	ELETRICIDADE APLICADA
FGA0188	MÉTODOS EXPERIMENTAIS PARA ENGENHARIA
FGA0190	PROJETO DE ELEMENTOS AUTOMOTIVOS
FGA0191	MATERIAIS COMPOSTOS E PLÁSTICOS
FGA0194	ARQUITETURA DE MOTORES DE COMBUSTÃO INTERNA
FGA0195	GESTÃO DA PRODUÇÃO AUTOMOTIVA
FGA0201	PROJETO DE CIRCUITOS INTEGRADOS DIGITAIS
FGA0204	DINÂMICA DOS FLUÍDOS
FGA0206	ENGENHARIA DE PRODUTO DE SOFTWARE
FGA0208	ARQUITETURA E DESENHO DE SOFTWARE
FGA0210	PARADIGMAS DE PROGRAMAÇÃO
FGA0211	FUNDAMENTOS DE REDES DE COMPUTADORES
FGA0214	TÓPICOS ESPECIAIS EM ENGENHARIA AUTOMOTIVA
FGA0219	PROCESSAMENTO DE SINAIS
FGA0221	INTELIGÊNCIA ARTIFICIAL
FGA0224	COMUNICAÇÕES DIGITAIS PARA ENGENHARIA
FGA0226	ELETRÔNICA VEICULAR
FGA0228	PROJETO DE SISTEMAS AUTOMOTIVOS
FGA0229	ANÁLISE ESTRUTURAL MÉTODO DOS ELEMENTOS FINITOS
FGA0230	DINÂMICA DE VEÍCULOS
FGA0232	INTEGRAÇÃO E TESTES
FGA0233	SENSORES E TRANSDUTORES
FGA0235	TÓPICOS ESPECIAIS 1 EM ENGENHARIA DE ENERGIA
FGA0238	TESTES DE SOFTWARE
FGA0240	GERÊNCIA DE CONFIGURAÇÃO E EVOLUÇÃO DE SOFTWARE
FGA0242	TÉCNICAS DE PROGRAMAÇÃO EM PLATAFORMAS EMERGENTES
FGA0244	PROGRAMAÇÃO PARA SISTEMAS PARALELOS E DISTRIBUÍDOS
FGA0250	PROJETO INTEGRADOR DE ENGENHARIA 2
FGA0252	SISTEMAS HIDROELÉTRICOS
FGA0254	CIÊNCIAS AEROESPACIAIS
FGA0258	INSTRUMENTAÇÃO BIOMÉDICA 2
FGA0259	MODELAGEM DE SISTEMAS BIOLÓGICOS
FGA0261	TÓPICOS ESPECIAIS EM ELETRONICA
FGA0262	TRANSMISSÃO E DISTRIBUIÇÃO DE ENERGIA ELÉTRICA
FGA0265	ECONOMIA DE ENERGIA
FGA0266	ACÚSTICA E VIBRAÇÕES VEICULARES
FGA0267	PROJETO DE ESTRUTURAS DE VEICULOS
FGA0268	ANÁLISE DINÂMICA MÉTODOS DOS ELEMENTOS FINITOS
FGA0270	SISTEMAS HIDRÁULICOS E PNEUMÁTICOS
FGA0273	MELHORIA DE PROCESSOS DE SOFTWARE
FGA0274	PRODUTIVIDADE E PROFISSIONALISMO EM ENGENHARIA DE SOFTWARE
FGA0275	ENGENHARIA DE SOFTWARE EXPERIMENTAL
FGA0278	QUALIDADE DE SOFTWARE 1
FGA0281	SISTEMAS DE PROPULSÃO LIQUIDA
FGA0282	FUNDAMENTOS DO PROJETO DE AERONAVES
FGA0283	MECÂNICA DOS MATERIAIS COMPÓSITOS
FGA0285	INTRODUÇÃO À MECÂNICA DA FRATURA
FGA0286	FUNDAMENTOS DO MÉTODO DOS ELEMENTOS FINITOS
FGA0291	MECÂNICA DE ESTRUTURAS AERONÁUTICAS
FGA0292	INTRODUÇÃO À FOTÔNICA E OPTRÔNICA
MAT0025	CÁLCULO 1
MAT0026	CÁLCULO 2
MAT0027	CÁLCULO 3
MAT0031	INTRODUÇÃO A ALGEBRA LINEAR
CIC0004	ALGORITMOS E PROGRAMAÇÃO DE COMPUTADORES
\.


--
-- TOC entry 3348 (class 0 OID 34815)
-- Dependencies: 215
-- Data for Name: _ClassToRoom; Type: TABLE DATA; Schema: public; Owner: postgres
--

COPY public."_ClassToRoom" ("A", "B") FROM stdin;
1	S-4
1	I-3
2	I3
3	CONTAINER Nº 17
4	I3
5	I7
6	LDTEA SALA 2
7	LAB SS
8	I4
8	I7
9	I5
10	I5
11	S1
11	S4
12	MULTIUSO
13	LAB TERMODINÂMICA
14	I4
15	I1
15	I4
15	I10
15	S7
16	LAB SHP
17	LAB SHP
18	S5
19	S8
20	I1
21	S9
22	CONTEINER 04
23	CONTEINER 04
24	I4
25	I1
26	I1
27	I7
27	S7
28	S8
29	I8
30	I1
30	I2
31	I6
32	I6
32	I7
33	I1
33	I10
34	LAB TERMODINÂMICA
35	MULTIUSO
36	I3
37	S9
38	S8
39	S8
40	I3
40	S6
41	LAB NEI
42	LAB NEI
43	LAB NEI
44	LAB NEI
45	LAB NEI
46	LAB NEI
47	LAB SS
48	LAB NEI 2
49	LAB NEI 2
50	LAB NEI 2
51	LAB NEI 2
52	LAB SS
53	LAB NEI 2
54	LAB SS
55	LAB NEI 2
56	LAB SS
57	LAB NEI 2
58	LAB SS
59	LAB SS
60	LAB NEI 2
61	LAB SS
62	LAB SS
63	S1
64	S2
64	S4
65	I2
66	LAB MAT
67	LAB MAT
68	LAB MAT
69	LAB MAT
70	LAB MAT
71	I4
72	I4
73	MULTIUSO
74	S4
75	S4
76	S6
77	I1
77	I10
77	S6
78	S2
78	S9
79	S7
80	S8
81	I8
82	LAB ELETR
83	LAB ELETR
84	LAB ELETR
85	LAB ELETR
86	LAB ELETR
87	S6
88	LAB ELETR
89	LAB ELETR
90	I1
91	I5
91	LAB TERMOFLUIDOS
92	I5
92	LAB TERMOFLUIDOS
93	I5
93	LAB TERMOFLUIDOS
94	I5
94	LAB TERMOFLUIDOS
95	I1
95	I2
95	I10
96	I3
96	LAB SS
97	LAB SS
98	LAB NEI
99	LAB NEI
100	I2
101	LAB NEI
102	LAB NEI
103	I3
104	I5
105	S8
106	I3
106	I7
106	I9
107	LAB SS
108	I1
108	S5
109	I4
109	S8
110	LAB TERMODINÂMICA
111	I8
112	LAB OND
113	LAB OND
114	S2
114	S9
115	LAB SS
116	LAB SS
117	I1
117	I8
118	I1
118	I8
119	I1
119	I10
119	ANTE SALA
120	I2
121	S2
121	S4
122	MOCAP
123	I1
123	I10
124	CONTEINER 04
126	MOCAP
127	S6
128	I6
129	I2
130	I5
131	S9
132	S9
133	ANFITEATRO
134	I5
135	I1
135	I10
136	I6
137	I6
138	MOCAP
139	I7
140	S5
141	I9
142	S6
142	MOCAP
143	S1
144	I6
145	S1
145	S10
146	S1
146	S10
147	I2
148	S3
149	S2
150	I1
150	S2
151	S2
151	S5
152	I4
152	S2
154	MOCAP
155	S3
156	S9
157	S3
158	I7
159	I4
159	I5
160	S3
161	S3
162	S1
162	S10
163	I7
164	I6
165	S1
165	S10
166	I9
166	S1
166	S10
167	I9
167	S1
167	S10
168	S9
169	I9
170	I1
170	I10
171	S3
172	ANFITEATRO
173	S1
174	ANFITEATRO
175	S3
176	ANFITEATRO
177	S2
178	I1
179	S2
180	S2
181	S4
182	ANFITEATRO
183	I2
184	I2
185	S1
185	S2
186	I1
186	I10
187	I1
187	I10
188	I1
188	I10
189	S1
189	S10
190	S1
190	S10
191	S1
191	S10
192	S7
193	S4
194	I7
195	I5
196	I6
196	S7
197	MOCAP
198	S5
199	I5
200	I9
201	S7
202	S3
203	I9
204	I8
205	S8
206	S8
207	S6
207	LAB MAT
208	S6
208	LAB MAT
209	S6
209	LAB MAT
210	I4
211	I4
212	I4
213	LDTEA SALA 3
214	I1
215	LAB SS
216	I3
216	S8
216	LAB TERMOFLUIDOS
217	I3
217	S8
217	LAB TERMOFLUIDOS
218	I3
218	S8
218	LAB TERMOFLUIDOS
219	I3
219	S8
219	LAB TERMOFLUIDOS
220	I8
221	MOCAP
222	I6
223	I7
223	I8
224	I4
225	I5
225	MULTIUSO
226	I1
226	MOCAP
227	I1
228	I7
229	LAB SHP
230	S5
231	I6
232	I8
233	I1
233	S7
234	I3
235	LAB TERMODINÂMICA
236	S7
236	MOCAP
237	S9
237	MOCAP
238	I8
239	MOCAP
240	I2
240	I7
241	I6
242	S5
242	S6
243	ANFITEATRO
244	ANFITEATRO
245	ANFITEATRO
246	ANFITEATRO
247	ANFITEATRO
248	LAB TERMODINÂMICA
248	LAB TERMOFLUIDOS
249	LAB TERMODINÂMICA
249	LAB TERMOFLUIDOS
250	ANFITEATRO
251	S5
252	S5
253	I8
253	MOCAP
254	I3
254	S6
254	LAB ELETR
255	S5
256	MULTIUSO
257	I3
258	MULTIUSO
259	LAB SHP
260	LAB SHP
261	S7
262	S8
263	S8
264	S7
265	I7
267	MULTIUSO
268	LAB TERMODINÂMICA
269	LDTEA SALA 3
270	CONTEINER 04
272	I3
273	S1
274	I9
275	S1
276	S6
277	S2
277	S4
278	S4
279	S2
280	S5
280	S9
281	S2
282	S1
283	S1
284	I1
284	I9
284	I10
285	I1
285	I9
285	I10
286	I1
286	I10
286	S1
286	S10
287	I1
287	I10
287	S3
\.


--
-- TOC entry 3342 (class 0 OID 34776)
-- Dependencies: 209
-- Data for Name: _prisma_migrations; Type: TABLE DATA; Schema: public; Owner: postgres
--

COPY public._prisma_migrations (id, checksum, finished_at, migration_name, logs, rolled_back_at, started_at, applied_steps_count) FROM stdin;
26fc58be-d896-45ca-b8ef-96f6515fd11a	0ff912cfb297a2fd847a8feb7f88a36b686be462a1886ebef0505245dd11cb33	2023-01-08 15:40:30.443018-03	20221206230939_	\N	\N	2023-01-08 15:40:30.383713-03	1
\.


--
-- TOC entry 3355 (class 0 OID 0)
-- Dependencies: 212
-- Name: Class_id_seq; Type: SEQUENCE SET; Schema: public; Owner: postgres
--

SELECT pg_catalog.setval('public."Class_id_seq"', 288, true);


--
-- TOC entry 3190 (class 2606 OID 34791)
-- Name: Building Building_pkey; Type: CONSTRAINT; Schema: public; Owner: postgres
--

ALTER TABLE ONLY public."Building"
    ADD CONSTRAINT "Building_pkey" PRIMARY KEY (name);


--
-- TOC entry 3194 (class 2606 OID 34807)
-- Name: Class Class_pkey; Type: CONSTRAINT; Schema: public; Owner: postgres
--

ALTER TABLE ONLY public."Class"
    ADD CONSTRAINT "Class_pkey" PRIMARY KEY (id);


--
-- TOC entry 3192 (class 2606 OID 34798)
-- Name: Room Room_pkey; Type: CONSTRAINT; Schema: public; Owner: postgres
--

ALTER TABLE ONLY public."Room"
    ADD CONSTRAINT "Room_pkey" PRIMARY KEY (identification);


--
-- TOC entry 3196 (class 2606 OID 34814)
-- Name: Subject Subject_pkey; Type: CONSTRAINT; Schema: public; Owner: postgres
--

ALTER TABLE ONLY public."Subject"
    ADD CONSTRAINT "Subject_pkey" PRIMARY KEY ("codeId");


--
-- TOC entry 3188 (class 2606 OID 34784)
-- Name: _prisma_migrations _prisma_migrations_pkey; Type: CONSTRAINT; Schema: public; Owner: postgres
--

ALTER TABLE ONLY public._prisma_migrations
    ADD CONSTRAINT _prisma_migrations_pkey PRIMARY KEY (id);


--
-- TOC entry 3197 (class 1259 OID 34820)
-- Name: _ClassToRoom_AB_unique; Type: INDEX; Schema: public; Owner: postgres
--

CREATE UNIQUE INDEX "_ClassToRoom_AB_unique" ON public."_ClassToRoom" USING btree ("A", "B");


--
-- TOC entry 3198 (class 1259 OID 34821)
-- Name: _ClassToRoom_B_index; Type: INDEX; Schema: public; Owner: postgres
--

CREATE INDEX "_ClassToRoom_B_index" ON public."_ClassToRoom" USING btree ("B");


--
-- TOC entry 3200 (class 2606 OID 34827)
-- Name: Class Class_subjectCodeId_fkey; Type: FK CONSTRAINT; Schema: public; Owner: postgres
--

ALTER TABLE ONLY public."Class"
    ADD CONSTRAINT "Class_subjectCodeId_fkey" FOREIGN KEY ("subjectCodeId") REFERENCES public."Subject"("codeId") ON UPDATE CASCADE ON DELETE RESTRICT;


--
-- TOC entry 3199 (class 2606 OID 34822)
-- Name: Room Room_buildingName_fkey; Type: FK CONSTRAINT; Schema: public; Owner: postgres
--

ALTER TABLE ONLY public."Room"
    ADD CONSTRAINT "Room_buildingName_fkey" FOREIGN KEY ("buildingName") REFERENCES public."Building"(name) ON UPDATE CASCADE ON DELETE SET NULL;


--
-- TOC entry 3201 (class 2606 OID 34832)
-- Name: _ClassToRoom _ClassToRoom_A_fkey; Type: FK CONSTRAINT; Schema: public; Owner: postgres
--

ALTER TABLE ONLY public."_ClassToRoom"
    ADD CONSTRAINT "_ClassToRoom_A_fkey" FOREIGN KEY ("A") REFERENCES public."Class"(id) ON UPDATE CASCADE ON DELETE CASCADE;


--
-- TOC entry 3202 (class 2606 OID 34837)
-- Name: _ClassToRoom _ClassToRoom_B_fkey; Type: FK CONSTRAINT; Schema: public; Owner: postgres
--

ALTER TABLE ONLY public."_ClassToRoom"
    ADD CONSTRAINT "_ClassToRoom_B_fkey" FOREIGN KEY ("B") REFERENCES public."Room"(identification) ON UPDATE CASCADE ON DELETE CASCADE;


-- Completed on 2023-02-02 21:55:05

--
-- PostgreSQL database dump complete
--

